yahsat,tm tv,11766,v,27500,3/4
yahsat,iran tv network,11766,v,27500,3/4
yahsat,persian series,11766,v,27500,3/4
yahsat,kanal jadid,11766,v,27500,3/4
yahsat,icc,11766,v,27500,3/4
yahsat,persian top toon,11766,v,27500,3/4
yahsat,toosheh tv,11766,v,27500,3/4
yahsat,chancetel,11766,v,27500,3/4
yahsat,vox 2,11766,v,27500,3/4
yahsat,persian movies,11766,v,27500,3/4
yahsat,north telecom info card,11766,v,27500,3/4
yahsat,atv,11766,v,27500,3/4
yahsat,ganj e hozour tv,11766,v,27500,3/4
yahsat,didgah tv,11766,v,27500,3/4
yahsat,honarmandan tv,11766,v,27500,3/4
yahsat,persian one,11766,v,27500,3/4
yahsat,persian classic,11766,v,27500,3/4
yahsat,pbc tapesh,11766,v,27500,3/4
yahsat,vox 1,11766,v,27500,3/4
yahsat,tin tv,11766,v,27500,3/4
yahsat,pntv,11766,v,27500,3/4
yahsat,twofour54,11785,h,27500,3/4
yahsat,tojikiston,11785,h,27500,3/4
yahsat,tv safina,11785,h,27500,3/4
yahsat,tv bahoriston,11785,h,27500,3/4
yahsat,jahonnamo,11785,h,27500,3/4
yahsat,tv varzish,11785,h,27500,3/4
yahsat,tv sinamo,11785,h,27500,3/4
yahsat,dushanbe hd,11785,h,27500,3/4
yahsat,futbol,11785,h,27500,3/4
yahsat,tmt,11785,h,27500,3/4
yahsat,khatlon,11785,h,27500,3/4
yahsat,badakhshon,11785,h,27500,3/4
yahsat,tv kulob,11785,h,27500,3/4
yahsat,ovozi tojik,11785,h,27500,3/4
yahsat,sadoi dushanbe,11785,h,27500,3/4
yahsat,saudi broadcasting authority,11823,h,27500,3/4
yahsat,saudi tv,11823,h,27500,3/4
yahsat,ksa sports 1,11823,h,27500,3/4
yahsat,ekhbariya tv,11823,h,27500,3/4
yahsat,ksa sports +2,11823,h,27500,3/4
yahsat,quran tv (saudi arabia),11823,h,27500,3/4
yahsat,sunna tv (saudi arabia),11823,h,27500,3/4
yahsat,sbc,11823,h,27500,3/4
yahsat,ksa sports +1,11823,h,27500,3/4
yahsat,ksa sports 2,11823,h,27500,3/4
yahsat,gem food,11881,v,27500,3/4
yahsat,gem korea,11881,v,27500,3/4
yahsat,rubix,11881,v,27500,3/4
yahsat,river,11881,v,27500,3/4
yahsat,gem life,11881,v,27500,3/4
yahsat,gem bollywood,11881,v,27500,3/4
yahsat,gem classic,11881,v,27500,3/4
yahsat,gem series,11881,v,27500,3/4
yahsat,gem travel,11881,v,27500,3/4
yahsat,gem junior,11881,v,27500,3/4
yahsat,gem arabia,11881,v,27500,3/4
yahsat,gem tv (uae),11881,v,27500,3/4
yahsat,gem usa,11881,v,27500,3/4
yahsat,gem kids,11881,v,27500,3/4
yahsat,gem az,11881,v,27500,3/4
yahsat,gem film,11881,v,27500,3/4
yahsat,gem drama,11881,v,27500,3/4
yahsat,maxx,11881,v,27500,3/4
yahsat,ayeneh tv,11900,h,27500,3/4
yahsat,khatereh tv,11900,h,27500,3/4
yahsat,ant,11900,h,27500,3/4
yahsat,twofour54,11938,h,27500,3/4
yahsat,abu dhabi tv,11938,h,27500,3/4
yahsat,national geographic abu dhabi,11938,h,27500,3/4
yahsat,abu dhabi sports 1,11938,h,27500,3/4
yahsat,emarat tv,11938,h,27500,3/4
yahsat,yas tv (uae),11938,h,27500,3/4
yahsat,saba tv,11938,h,27500,3/4
yahsat,iran b marz tv,11958,v,27500,3/4
yahsat,[north telecom info card],11958,v,27500,3/4
yahsat,iran beauty,11958,v,27500,3/4
yahsat,komala tv,11958,v,27500,3/4
yahsat,gerdoo,11958,v,27500,3/4
yahsat,movie 24,11958,v,27500,3/4
yahsat,north telecom info card,11958,v,27500,3/4
yahsat,north telecom info card,11958,v,27500,3/4
yahsat,tv plu,11958,v,27500,3/4
yahsat,north telecom info card,11958,v,27500,3/4
yahsat,tv 24,11958,v,27500,3/4
yahsat,u toon,11958,v,27500,3/4
yahsat,north telecom info card,11958,v,27500,3/4
yahsat,mtv,11958,v,27500,3/4
yahsat,north telecom info card,11958,v,27500,3/4
yahsat,sat 7 pars,11958,v,27500,3/4
yahsat,hptv persian,11958,v,27500,3/4
yahsat,tv one,11958,v,27500,3/4
yahsat,kurd channel,11958,v,27500,3/4
yahsat,north telecom info card,11958,v,27500,3/4
yahsat,hadi tv 6,11958,v,27500,3/4
yahsat,z tv,11958,v,27500,3/4
yahsat,kalemeh tv,11958,v,27500,3/4
yahsat,bbc arabic,11977,h,27500,3/4
yahsat,rt arabic,11977,h,27500,3/4
yahsat,rt news,11977,h,27500,3/4
yahsat,rt france,11977,h,27500,3/4
yahsat,fashion one farsi,11977,h,27500,3/4
yahsat,nessma,11977,h,27500,3/4
yahsat,lana tv,11977,h,27500,3/4
yahsat,bbc persian,11996,v,27500,3/4
yahsat,mbc persia,11996,v,27500,3/4
yahsat,bbc arabic,11996,v,27500,3/4
yahsat,mbc persia hd,11996,v,27500,3/4
yahsat,iranefarda tv,11996,v,27500,3/4
yahsat,iran international,11996,v,27500,3/4
yahsat,iran international,11996,v,27500,3/4
yahsat,god tv asia,11996,v,27500,3/4
yahsat,cnn international europe,11996,v,27500,3/4
yahsat,voa tv persian,11996,v,27500,3/4
yahsat,bbc world service afghanistan,11996,v,27500,3/4
yahsat,bbc world service arabic,11996,v,27500,3/4
yahsat,tolo tv,12015,h,27500,3/4
yahsat,lemar tv,12015,h,27500,3/4
yahsat,tolo news,12015,h,27500,3/4
yahsat,shamshad tv,12015,h,27500,3/4
yahsat,1tv,12015,h,27500,3/4
yahsat,khurshid tv,12015,h,27500,3/4
yahsat,tamadon tv,12015,h,27500,3/4
yahsat,noor tv (afghanistan),12015,h,27500,3/4
yahsat,amc (afghanistan),12015,h,27500,3/4
yahsat,hewad news,12015,h,27500,3/4
yahsat,zhwandoon tv,12015,h,27500,3/4
yahsat,arezo tv,12015,h,27500,3/4
yahsat,rah-e-farda,12015,h,27500,3/4
yahsat,atn news(afghanistan),12015,h,27500,3/4
yahsat,ariana tv national,12015,h,27500,3/4
yahsat,jahan numa tv,12015,h,27500,3/4
yahsat,ayna tv,12015,h,27500,3/4
yahsat,batur tv,12015,h,27500,3/4
yahsat,maiwand tv,12015,h,27500,3/4
yahsat,afghanistan tv,12015,h,27500,3/4
yahsat,onyx,12034,v,27500,3/4
yahsat,rubix +,12034,v,27500,3/4
yahsat,river +,12034,v,27500,3/4
yahsat,24b,12034,v,27500,3/4
yahsat,gem +,12034,v,27500,3/4
yahsat,gem drama plus,12034,v,27500,3/4
yahsat,gem series plus,12034,v,27500,3/4
yahsat,mifa music,12034,v,27500,3/4
yahsat,gem bazaar,12034,v,27500,3/4
yahsat,gem comedy,12034,v,27500,3/4
yahsat,gem property,12034,v,27500,3/4
yahsat,gem academy,12034,v,27500,3/4
yahsat,modern economy,12034,v,27500,3/4
yahsat,babylon tv,12054,h,27500,3/4
yahsat,rudaw,12054,h,27500,3/4
yahsat,emarat tv,12054,h,27500,3/4
yahsat,abu dhabi sports 2,12054,h,27500,3/4
yahsat,national geographic abu dhabi,12054,h,27500,3/4
yahsat,abu dhabi sports 1,12054,h,27500,3/4
yahsat,abu dhabi drama,12054,h,27500,3/4
yahsat,abu dhabi tv,12054,h,27500,3/4
yahsat,net tv,12054,h,27500,3/4
yahsat,emci tv paris,12111,v,27500,3/4
badr,es'hailsat    promo ,10492 ,h,1500,4/5
badr,elsharq ,10730 ,h,30000,3/4
badr,qatar    today 1 ,10730 ,h,30000,3/4
badr,al kass ,10770 ,h,27500,3/4
badr,al kass    five ,10770 ,h,27500,3/4
badr,al kass    six ,10770 ,h,27500,3/4
badr,al kass    seven ,10770 ,h,27500,3/4
badr,al kass    eight ,10770 ,h,27500,3/4
badr,qatari mux ,10770 ,v,27500,3/4
badr,qatar tv ,10770 ,v,27500,3/4
badr,qatar tv    2 ,10770 ,v,27500,3/4
badr,al kass    one ,10770 ,v,27500,3/4
badr,al kass    two ,10770 ,v,27500,3/4
badr,al kass    four ,10770 ,v,27500,3/4
badr,sout al khaleej 2,10770 ,v,27500,3/4
badr,sout al khaleej 3,10770 ,v,27500,3/4
badr,sout al khaleej 4,10770 ,v,27500,3/4
badr,sout al khaleej europe,10770 ,v,27500,3/4
badr,oryx fm,10770 ,v,27500,3/4
badr,bein ,10850 ,h,27500,2/3
badr,bein ,10890 ,h,27500,2/3
badr,ghanian mux ,10970 ,v,27500,3/4
badr,laayoune    tv ,11018 ,h,3330,3/4
badr,my hd ,11230 ,v,27500,3/4
badr,motorvision    tv ,11230 ,v,27500,3/4
badr,saudi broadcasting authority ,11230 ,h,27500,3/4
badr,saudi tv ,11230 ,h,27500,3/4
badr,riyadiya    tv 2 ,11230 ,h,27500,3/4
badr,riyadiya    tv 1 ,11230 ,h,27500,3/4
badr,ekhbariya    tv ,11230 ,h,27500,3/4
badr,thikrayat    tv ,11230 ,h,27500,3/4
badr,quran tv (saudi    arabia),11230 ,h,27500,3/4
badr,sunna tv (saudi    arabia),11230 ,h,27500,3/4
badr,sbc ,11230 ,h,27500,3/4
badr,riyadiya    tv 3 ,11230 ,h,27500,3/4
badr,mbc ,11270 ,v,27500,5/6
badr,mbc (uae),11270 ,v,27500,5/6
badr,mbc 4 ,11270 ,v,27500,5/6
badr,mbc    drama (uae),11270 ,v,27500,5/6
badr,citruss    tv ,11270 ,v,27500,5/6
badr,mbc    bollywood ,11270 ,v,27500,5/6
badr,mbc 2 (uae),11270 ,v,27500,5/6
badr,mbc    action ,11270 ,v,27500,5/6
badr,mbc max ,11270 ,v,27500,5/6
badr,mbc 3 ,11270 ,v,27500,5/6
badr,wanasah ,11270 ,v,27500,5/6
badr,mbc maser ,11270 ,v,27500,5/6
badr,mbc    maser 2 ,11270 ,v,27500,5/6
badr,alarabiya ,11270 ,v,27500,5/6
badr,mbc fm,11270 ,v,27500,5/6
badr,alula fm,11270 ,v,27500,5/6
badr,panorama fm,11270 ,v,27500,5/6
badr,mbc fm,11270 ,v,27500,5/6
badr,bein ,11310 ,h,27500,2/3
badr,alaraby    tv ,11310 ,v,30000,2/3
badr,syria tv ,11310 ,v,30000,2/3
badr,awraas    tv ,11310 ,v,30000,2/3
badr,toyor    aljanah ,11310 ,v,30000,2/3
badr,qatar    today 2 ,11310 ,v,30000,2/3
badr,al    gezira tv ,11350 ,h,30000,3/4
badr,bein ,11350 ,v,27500,2/3
badr,bein ,11390 ,h,27500,2/3
badr,a news ,11390 ,v,27500,2/3
badr,bein ,11430 ,v,27500,2/3
badr,arabsat ,11747 ,v,27500,3/4
badr,cartoon    network arabic ,11747 ,v,27500,3/4
badr,alwesam    tv ,11747 ,v,27500,3/4
badr,rt    arabic ,11747 ,v,27500,3/4
badr,my hd ,11766 ,h,27500,3/4
badr,arabsat ,11785 ,v,27500,3/4
badr,cgtn    arabic ,11785 ,v,27500,3/4
badr,iran    international ,11785 ,v,27500,3/4
badr,test    card ,11785 ,v,27500,3/4
badr,libya al    wataniya ,11785 ,v,27500,3/4
badr,thalitha    a3 ,11785 ,v,27500,3/4
badr,filmbox    arthouse africa & turkey & middle east ,11785 ,v,27500,3/4
badr,360 tune    box ,11785 ,v,27500,3/4
badr,fashionbox    hd ,11785 ,v,27500,3/4
badr,dizi ,11785 ,v,27500,3/4
badr,cnn    international europe ,11785 ,v,27500,3/4
badr,test    card ,11785 ,v,27500,3/4
badr,chaîne 1,11785 ,v,27500,3/4
badr,chaîne 3,11785 ,v,27500,3/4
badr,etisalat ,11804 ,h,27500,3/4
badr,emarat    tv ,11804 ,h,27500,3/4
badr,abu    dhabi tv ,11804 ,h,27500,3/4
badr,majid ,11804 ,h,27500,3/4
badr,abu    dhabi sports 1 ,11804 ,h,27500,3/4
badr,yas tv (uae),11804 ,h,27500,3/4
badr,national    geographic abu dhabi ,11804 ,h,27500,3/4
badr,abu    dhabi sports 2 ,11804 ,h,27500,3/4
badr,abu    dhabi drama ,11804 ,h,27500,3/4
badr,emarat fm,11804 ,h,27500,3/4
badr,quran kareem,11804 ,h,27500,3/4
badr,star fm (uae),11804 ,h,27500,3/4
badr,abu dhabi fm,11804 ,h,27500,3/4
badr,abu dhabi classic fm,11804 ,h,27500,3/4
badr,my hd ,11823 ,v,27500,3/4
badr,arabsat ,11843 ,h,27500,3/4
badr,rotana    drama ,11843 ,h,27500,3/4
badr,lbc (saudi    arabia),11843 ,h,27500,3/4
badr,rotana    music ,11843 ,h,27500,3/4
badr,rotana    clip ,11843 ,h,27500,3/4
badr,rotana    khalejia ,11843 ,h,27500,3/4
badr,rotana    comedy ,11843 ,h,27500,3/4
badr,rotana    cinema ksa ,11843 ,h,27500,3/4
badr,rotana    classic ,11843 ,h,27500,3/4
badr,alresalah    tv ,11843 ,h,27500,3/4
badr,etisalat ,11862 ,v,27500,3/4
badr,sharjah    tv ,11862 ,v,27500,3/4
badr,mbc iraq ,11862 ,v,27500,3/4
badr,sharqiya    tv ,11862 ,v,27500,3/4
badr,mbc iraq ,11862 ,v,27500,3/4
badr,alsumaria ,11862 ,v,27500,3/4
badr,irib ,11881 ,h,27500,5/6
badr,irib 1 ,11881 ,h,27500,5/6
badr,irib 2 ,11881 ,h,27500,5/6
badr,irib 3 ,11881 ,h,27500,5/6
badr,irib 4 ,11881 ,h,27500,5/6
badr,irib 5 ,11881 ,h,27500,5/6
badr,irinn ,11881 ,h,27500,5/6
badr,amouzesh    tv (07-20 utc),11881 ,h,27500,5/6
badr,quran tv (iran),11881 ,h,27500,5/6
badr,doc tv ,11881 ,h,27500,5/6
badr,omid tv (iran),11881 ,h,27500,5/6
badr,irkala    tv ,11881 ,h,27500,5/6
badr,namayesh    tv ,11881 ,h,27500,5/6
badr,ofogh tv ,11881 ,h,27500,5/6
badr,ifilm    persian ,11881 ,h,27500,5/6
badr,tamasha ,11881 ,h,27500,5/6
badr,shoma tv ,11881 ,h,27500,5/6
badr,varzesh    tv ,11881 ,h,27500,5/6
badr,pooya tv ,11881 ,h,27500,5/6
badr,salamat    tv ,11881 ,h,27500,5/6
badr,nasim ,11881 ,h,27500,5/6
badr,sepehr ,11881 ,h,27500,5/6
badr,tamasha ,11881 ,h,27500,5/6
badr,irib 3 ,11881 ,h,27500,5/6
badr,doc tv ,11881 ,h,27500,5/6
badr,varzesh    tv ,11881 ,h,27500,5/6
badr,irib ,11900 ,v,27500,3/4
badr,irib 1 ,11900 ,v,27500,3/4
badr,irib 2 ,11900 ,v,27500,3/4
badr,irib 3 ,11900 ,v,27500,3/4
badr,irib 4 ,11900 ,v,27500,3/4
badr,irinn ,11900 ,v,27500,3/4
badr,amouzesh    tv ,11900 ,v,27500,3/4
badr,salamat    tv ,11900 ,v,27500,3/4
badr,sepehr ,11900 ,v,27500,3/4
badr,my hd ,11919 ,h,27500,3/4
badr,jordan media city ,11938 ,v,27500,5/6
badr,alhurra    tv iraq ,11938 ,v,27500,5/6
badr,alhurra    tv ,11938 ,v,27500,5/6
badr,alhurra    tv iraq ,11938 ,v,27500,5/6
badr,test    card ,11938 ,v,27500,5/6
badr,alhurra    tv ,11938 ,v,27500,5/6
badr,alarabiya ,11938 ,v,27500,5/6
badr,eri tv 1 ,11938 ,v,27500,5/6
badr,asharq    news ,11938 ,v,27500,5/6
badr,dimtsi hafash,11938 ,v,27500,5/6
badr,voa iraq,11938 ,v,27500,5/6
badr,voa djibouti mw,11938 ,v,27500,5/6
badr,voa djibouti fm,11938 ,v,27500,5/6
badr,voa libya,11938 ,v,27500,5/6
badr,voa ethiopia,11938 ,v,27500,5/6
badr,voa africa,11938 ,v,27500,5/6
badr,palsat ,11958 ,h,27500,3/4
badr,palestinian    satellite channel ,11958 ,h,27500,3/4
badr,musawa ,11958 ,h,27500,3/4
badr,palestine    mobasher ,11958 ,h,27500,3/4
badr,palestinian    satellite channel ,11958 ,h,27500,3/4
badr,palestine    edu promo ,11958 ,h,27500,3/4
badr,musawa ,11958 ,h,27500,3/4
badr,palestinian    satellite channel ,11958 ,h,27500,3/4
badr,palestine    mobasher ,11958 ,h,27500,3/4
badr,palestinian    satellite channel ,11958 ,h,27500,3/4
badr,awdeh ,11958 ,h,27500,3/4
badr,palestine    sport ,11958 ,h,27500,3/4
badr,voice of palestine,11958 ,h,27500,3/4
badr,lebanese mux ,11977 v ,v,27500,3/4
badr,mtv (lebanon),11977 v ,v,27500,3/4
badr,one ,11977 v ,v,27500,3/4
badr,lbc    international ,11977 v ,v,27500,3/4
badr,al    jadeed ,11977 v ,v,27500,3/4
badr,hawacom    tv ,11977 v ,v,27500,3/4
badr,otv (lebanon),11977 v ,v,27500,3/4
badr,nbn ,11977 v ,v,27500,3/4
badr,arabica    tv ,11977 v ,v,27500,3/4
badr,aghani    aghani tv ,11977 v ,v,27500,3/4
badr,télé    liban ,11977 v ,v,27500,3/4
badr,future    international ,11977 v ,v,27500,3/4
badr,expo    2020 channel ,11977 v ,v,27500,3/4
badr,arabsat ,11996 ,h,27500,3/4
badr,france    24 arabic ,11996 ,h,27500,3/4
badr,bbc    arabic ,11996 ,h,27500,3/4
badr,cnbc    arabiya ,11996 ,h,27500,3/4
badr,sky news    arabia ,11996 ,h,27500,3/4
badr,sky news    arabia ,11996 ,h,27500,3/4
badr,bbc    arabic ,11996 ,h,27500,3/4
badr,france    24 français ,11996 ,h,27500,3/4
badr,france    24 english ,11996 ,h,27500,3/4
badr,euronews    english ,11996 ,h,27500,3/4
badr,rti 1 ,11996 ,h,27500,3/4
badr,sky news arabia 90.3 fm,11996 ,h,27500,3/4
badr,sawt al alam,11996 ,h,27500,3/4
badr,bbc world service arabic,11996 ,h,27500,3/4
badr,bbc world service english,11996 ,h,27500,3/4
badr,bbc world service horn of africa,11996 ,h,27500,3/4
badr,monte carlo doualiya,11996 ,h,27500,3/4
badr,sudanese mux ,12034 ,h,27500,5/6
badr,[aqar tv    info card] ,12034 ,h,27500,5/6
badr,alestijaba    tv ,12034 ,h,27500,5/6
badr,kassala    tv ,12034 ,h,27500,5/6
badr,red sea    channel ,12034 ,h,27500,5/6
badr,ta seti    almareefa ,12034 ,h,27500,5/6
badr,omdurman    tv ,12034 ,h,27500,5/6
badr,al    gezira tv ,12034 ,h,27500,5/6
badr,almerrikh ,12034 ,h,27500,5/6
badr,sudania    24 tv ,12034 ,h,27500,5/6
badr,almareefa    edu ,12034 ,h,27500,5/6
badr,test    card ,12054 ,v,27500,3/4
badr,télé    djibouti 4 ,12054 ,v,27500,3/4
badr,ssbc tv ,12054 ,v,27500,3/4
badr,télé    liban ,12054 ,v,27500,3/4
badr,iqraa    arabic ,12054 ,v,27500,3/4
badr,arabsat ,12073 ,h,27500,3/4
badr,tv5monde    maghreb-orient ,12073 ,h,27500,3/4
badr,tv5monde    style hd ,12073 ,h,27500,3/4
badr,france    24 français ,12073 ,h,27500,3/4
badr,france    24 english ,12073 ,h,27500,3/4
badr,france    24 arabic ,12073 ,h,27500,3/4
badr,bbc    world news middle east ,12073 ,h,27500,3/4
badr,trt    world ,12073 ,h,27500,3/4
badr,trt    arabi ,12073 ,h,27500,3/4
badr,test    card ,12073 ,h,27500,3/4
badr,monte carlo doualiya,12073 ,h,27500,3/4
badr,twofour54 ,12092 ,v,27500,5/6
badr,tv    seventeen ,12092 ,v,27500,5/6
badr,expo    2020 channel ,12092 ,v,27500,5/6
badr,trt    arabi ,12092 ,v,27500,5/6
badr,al    hadath ,12092 ,v,27500,5/6
badr,du ,12111 ,h,27500,5/6
badr,arirang    world ,12111 ,h,27500,5/6
badr,peace tv    middle east ,12111 ,h,27500,5/6
badr,peace tv    middle east ,12111 ,h,27500,5/6
badr,citruss    tv ,12111 ,h,27500,5/6
badr,al aan    tv ,12111 ,h,27500,5/6
badr,dw    arabia ,12111 ,h,27500,5/6
badr,al aan fm,12111 ,h,27500,5/6
badr,dubai media ,12130 ,v,27500,3/4
badr,dubai tv ,12130 ,v,27500,3/4
badr,dubai    sports 3 ,12130 ,v,27500,3/4
badr,dubai    one ,12130 ,v,27500,3/4
badr,sama    dubai ,12130 ,v,27500,3/4
badr,dubai    sports 2 ,12130 ,v,27500,3/4
badr,noor    dubai ,12130 ,v,27500,3/4
badr,dubai    racing 3 ,12130 ,v,27500,3/4
badr,dubai    racing 2 ,12130 ,v,27500,3/4
badr,dubai    zaman ,12130 ,v,27500,3/4
badr,saudi broadcasting authority ,12149 ,h,27500,5/6
badr,saudi tv ,12149 ,h,27500,5/6
badr,thikrayat    tv ,12149 ,h,27500,5/6
badr,riyadiya    tv 1 ,12149 ,h,27500,5/6
badr,ekhbariya    tv ,12149 ,h,27500,5/6
badr,riyadiya    tv 4 ,12149 ,h,27500,5/6
badr,quran tv (saudi    arabia),12149 ,h,27500,5/6
badr,sunna tv (saudi    arabia),12149 ,h,27500,5/6
badr,sbc ,12149 ,h,27500,5/6
badr,riyadiya    tv 3 ,12149 ,h,27500,5/6
badr,riyadiya    tv 2 ,12149 ,h,27500,5/6
badr,qatar tv ,12169 ,v,22000,3/4
badr,qatar tv    2 ,12169 ,v,22000,3/4
badr,qatar tv ,12169 ,v,22000,3/4
badr,sout al khaleej 2,12169 ,v,22000,3/4
badr,sout al khaleej 3,12169 ,v,22000,3/4
badr,sout al khaleej 4,12169 ,v,22000,3/4
badr,sout al khaleej europe,12169 ,v,22000,3/4
badr,oryx fm,12169 ,v,22000,3/4
badr,yemen tv ,12182 ,h,16200,3/4
badr,bahrain tv ,12226 ,h,27500,3/4
badr,bahrain    tv ,12226 ,h,27500,3/4
badr,bahrain    international ,12226 ,h,27500,3/4
badr,bahrain    sports 1 ,12226 ,h,27500,3/4
badr,bahrain    sports 2 ,12226 ,h,27500,3/4
badr,bahrain    lawal ,12226 ,h,27500,3/4
badr,bahrain    quran ,12226 ,h,27500,3/4
badr,bahrain    tv ,12226 ,h,27500,3/4
badr,general programme,12226 ,h,27500,3/4
badr,bahrain fm,12226 ,h,27500,3/4
badr,arab classical music programme,12226 ,h,27500,3/4
badr,holy quran programme,12226 ,h,27500,3/4
badr,traditional music programme,12226 ,h,27500,3/4
badr,al kass ,12245 ,v,27500,3/4
badr,al kass    three ,12245 ,v,27500,3/4
badr,al kass    one ,12245 ,v,27500,3/4
badr,al kass    two ,12245 ,v,27500,3/4
badr,al kass    four ,12245 ,v,27500,3/4
badr,irib ,12265 ,h,30000,3/4
badr,alkawthar    tv ,12265 ,h,30000,3/4
badr,press tv (iran),12265 ,h,30000,3/4
badr,irib 1 ,12265 ,h,30000,3/4
badr,doc tv ,12265 ,h,30000,3/4
badr,irib 3 ,12265 ,h,30000,3/4
badr,varzesh    tv ,12265 ,h,30000,3/4
badr,ifilm    persian ,12265 ,h,30000,3/4
badr,irinn ,12265 ,h,30000,3/4
badr,nasim ,12265 ,h,30000,3/4
badr,pooya tv ,12265 ,h,30000,3/4
badr,namayesh    tv ,12265 ,h,30000,3/4
badr,ofogh tv ,12265 ,h,30000,3/4
badr,irkala    tv ,12265 ,h,30000,3/4
badr,tamasha ,12265 ,h,30000,3/4
badr,irib ,12284 ,v,30000,2/3
badr,ifilm    persian ,12284 ,v,30000,2/3
badr,jame-jam    tv network 1 ,12284 ,v,30000,2/3
badr,sahar    balkan ,12284 ,v,30000,2/3
badr,sahar    azeri ,12284 ,v,30000,2/3
badr,sahar    urdu ,12284 ,v,30000,2/3
badr,sahar    kurdi ,12284 ,v,30000,2/3
badr,alkawthar    tv ,12284 ,v,30000,2/3
badr,press tv (iran),12284 ,v,30000,2/3
badr,hispan    tv ,12284 ,v,30000,2/3
badr,ifilm    english ,12284 ,v,30000,2/3
badr,ifilm 2 ,12284 ,v,30000,2/3
badr,ifilm    arabic ,12284 ,v,30000,2/3
badr,abadan    tv ,12284 ,v,30000,2/3
badr,mahabad    tv ,12284 ,v,30000,2/3
badr,mbc ,12284 ,v,27500,5/6
badr,al    hadath ,12284 ,v,27500,5/6
badr,alarabiya ,12284 ,v,27500,5/6
badr,mbc 5 ,12284 ,v,27500,5/6
badr,mbc 4 ,12284 ,v,27500,5/6
badr,mbc 3 ,12284 ,v,27500,5/6
badr,mbc    action ,12284 ,v,27500,5/6
badr,mbc 2 (uae),12284 ,v,27500,5/6
badr,mbc max ,12284 ,v,27500,5/6
badr,mbc    bollywood ,12284 ,v,27500,5/6
badr,mbc    drama (uae),12284 ,v,27500,5/6
badr,wanasah ,12284 ,v,27500,5/6
badr,irib ,12303 ,h,32000,3/4
badr,khorasan    razavi tv ,12303 ,h,32000,3/4
badr,sahand    tv ,12303 ,h,32000,3/4
badr,golestan    tv ,12303 ,h,32000,3/4
badr,fars tv ,12303 ,h,32000,3/4
badr,aflak tv ,12303 ,h,32000,3/4
badr,guilan    tv ,12303 ,h,32000,3/4
badr,azarbayjan-e    gharbi tv ,12303 ,h,32000,3/4
badr,alborz    tv ,12303 ,h,32000,3/4
badr,isfahan    tv ,12303 ,h,32000,3/4
badr,khozestan    tv ,12303 ,h,32000,3/4
badr,kerman    tv ,12303 ,h,32000,3/4
badr,mazandaran    tv ,12303 ,h,32000,3/4
badr,qom tv ,12303 ,h,32000,3/4
badr,khorasan    shomali tv ,12303 ,h,32000,3/4
badr,hamoon    tv ,12303 ,h,32000,3/4
badr,boushehr    tv ,12303 ,h,32000,3/4
badr,ilam tv ,12303 ,h,32000,3/4
badr,hamedan tv ,12303 ,h,32000,3/4
badr,jahanbin    tv ,12303 ,h,32000,3/4
badr,taban tv ,12303 ,h,32000,3/4
badr,sabalan    tv ,12303 ,h,32000,3/4
badr,khalij-e    fars tv ,12303 ,h,32000,3/4
badr,aftab tv (iran),12303 ,h,32000,3/4
badr,zanjan    tv ,12303 ,h,32000,3/4
badr,kermanshah    tv ,12303 ,h,32000,3/4
badr,dena tv ,12303 ,h,32000,3/4
badr,semnan    tv ,12303 ,h,32000,3/4
badr,kordestan    tv ,12303 ,h,32000,3/4
badr,khorasan    jonoobi tv ,12303 ,h,32000,3/4
badr,qazvin    tv ,12303 ,h,32000,3/4
badr,canal    atlas ,12303 ,h,27500,5/6
badr,ennahar    tv ,12303 ,h,27500,5/6
badr,numidia    tv ,12303 ,h,27500,5/6
badr,2m    national ,12303 ,h,27500,5/6
badr,medi 1    tv arabic ,12303 ,h,27500,5/6
badr,télé    maroc ,12303 ,h,27500,5/6
badr,medi 1 maghreb,12303 ,h,27500,5/6
badr,medi 1 afrique,12303 ,h,27500,5/6
badr,irib uhd,12322 ,v,30000,3/4
badr,rotana ,12341 ,h,27500,3/4
badr,rotana    cinema ksa ,12341 ,h,27500,3/4
badr,rotana    comedy ,12341 ,h,27500,3/4
badr,rotana    classic ,12341 ,h,27500,3/4
badr,rotana    khalejia ,12341 ,h,27500,3/4
badr,rotana    drama ,12341 ,h,27500,3/4
badr,rotana music ,12341 ,h,27500,3/4
badr,lbc (saudi    arabia),12341 ,h,27500,3/4
badr,alresalah    tv ,12341 ,h,27500,3/4
badr,my hd ,12399 ,v,27500,3/4
badr,oman tv ,12456 ,h,27500,3/4
badr,oman tv ,12456 ,h,27500,3/4
badr,oman tv ,12456 ,h,27500,3/4
badr,oman tv    sport ,12456 ,h,27500,3/4
badr,oman tv    mubashir ,12456 ,h,27500,3/4
badr,oman tv    cultural ,12456 ,h,27500,3/4
badr,al-shabab,12456 ,h,27500,3/4
badr,al-shabab,12456 ,h,27500,3/4
badr,sawt oman,12456 ,h,27500,3/4
badr,al-majd network ,12476 ,v,27500,3/4
badr,al-majd    public channel ,12476 ,v,27500,3/4
badr,al-majd    holy quran ,12476 ,v,27500,3/4
badr,al-majd    al hadeeth al nabawy ,12476 ,v,27500,3/4
badr,al-majd    scientific ,12476 ,v,27500,3/4
badr,al alam    al yawm ,12476 ,v,27500,3/4
badr,al-majd    documentary ,12476 ,v,27500,3/4
badr,al-majd    al tabeeaiyah ,12476 ,v,27500,3/4
badr,al-majd    kids ,12476 ,v,27500,3/4
badr,besma ,12476 ,v,27500,3/4
badr,rawdah ,12476 ,v,27500,3/4
badr,fakir wa    ela'ab ,12476 ,v,27500,3/4
badr,masah ,12476 ,v,27500,3/4
badr,kuwait tv ,12523 ,h,27500,2/3
badr,ktv 1 ,12523 ,h,27500,2/3
badr,ktv 2 (kuwait),12523 ,h,27500,2/3
badr,ktv    sport ,12523 ,h,27500,2/3
badr,ktv    sport plus ,12523 ,h,27500,2/3
badr,ktv    ethraa ,12523 ,h,27500,2/3
badr,ktv    arabe ,12523 ,h,27500,2/3
badr,al-majlis    tv ,12523 ,h,27500,2/3
badr,ktv al    qurain ,12523 ,h,27500,2/3
badr,ktv    khallik bilbait ,12523 ,h,27500,2/3
badr,alquran alkarem,12523 ,h,27500,2/3
badr,easy 92.5,12523 ,h,27500,2/3
badr,kuwait fm,12523 ,h,27500,2/3
badr,super station,12523 ,h,27500,2/3
badr,the old arabic singing,12523 ,h,27500,2/3
badr,traditional station,12523 ,h,27500,2/3
badr,ofm,12523 ,h,27500,2/3
badr,noor tv ,12523 ,v,27500,3/4
badr,[agar tv    test card] ,12523 ,v,27500,3/4
badr,sudania    24 tv ,12523 ,v,27500,3/4
badr,neelain    tv ,12523 ,v,27500,3/4
badr,sudan    drama ,12523 ,v,27500,3/4
badr,sudan tv ,12523 ,v,27500,3/4
badr,sudan    music ,12523 ,v,27500,3/4
badr,sudan    sport ,12523 ,v,27500,3/4
badr,[sudan    monwaat test card] ,12523 ,v,27500,3/4
badr,sudan    sport ,12523 ,v,27500,3/4
badr,sudan tv ,12523 ,v,27500,3/4
badr,darfur fm,12523 ,v,27500,3/4
badr,albasira fm,12523 ,v,27500,3/4
badr,al quwat al musallaha,12523 ,v,27500,3/4
badr,al rabaa 94 fm,12523 ,v,27500,3/4
badr,sports fm 104,12523 ,v,27500,3/4
badr,bladi sudan,12523 ,v,27500,3/4
badr,saheroon fm,12523 ,v,27500,3/4
badr,tdm ,12563 ,v,27500,3/4
badr,elmouritania ,12563 ,v,27500,3/4
badr,elmouritania    2 ,12563 ,v,27500,3/4
badr,sahel tv ,12563 ,v,27500,3/4
badr,elwataniya    tv ,12563 ,v,27500,3/4
badr,tdm    promo ,12563 ,v,27500,3/4
badr,elmourabiton    tv ,12563 ,v,27500,3/4
badr,el    mahadra ,12563 ,v,27500,3/4
badr,chinguit    tv ,12563 ,v,27500,3/4
badr,test    card ,12563 ,v,27500,3/4
badr,athagavia ,12563 ,v,27500,3/4
badr,arriadia ,12563 ,v,27500,3/4
badr,al    barlemania ,12563 ,v,27500,3/4
badr,test    card ,12563 ,v,27500,3/4
badr,test    card ,12563 ,v,27500,3/4
badr,elmouritania ,12563 ,v,27500,3/4
badr,tunisian mux ,12643 ,h,27500,5/6
badr,watania    1 ,12643 ,h,27500,5/6
badr,watania    2 ,12643 ,h,27500,5/6
badr,carthage+ ,12643 ,h,27500,5/6
badr,[cnct    test card] ,12643 ,h,27500,5/6
badr,jawhara    tv ,12643 ,h,27500,5/6
badr,[ont    test card] ,12643 ,h,27500,5/6
badr,tunisna    tv ,12643 ,h,27500,5/6
badr,telvza    tv ,12643 ,h,27500,5/6
badr,[cnct    test card] ,12643 ,h,27500,5/6
badr,watania    1 ,12643 ,h,27500,5/6
badr,[cnct    test card] ,12643 ,h,27500,5/6
badr,future    international ,12666 ,h,1660,3/4
badr,snrt ,12683 ,v,27500,3/4
badr,al aoula    europe ,12683 ,v,27500,3/4
badr,al aoula    europe ,12683 ,v,27500,3/4
badr,laayoune    tv ,12683 ,v,27500,3/4
badr,arryadia ,12683 ,v,27500,3/4
badr,arryadia ,12683 ,v,27500,3/4
badr,athaqafia ,12683 ,v,27500,3/4
badr,al    maghribia ,12683 ,v,27500,3/4
badr,assadissa ,12683 ,v,27500,3/4
badr,tamazight ,12683 ,v,27500,3/4
badr,idaa al watania,12683 ,v,27500,3/4
badr,chaîne inter,12683 ,v,27500,3/4
badr,idaa al amazighia,12683 ,v,27500,3/4
badr,idaa mohammed assadiss,12683 ,v,27500,3/4
badr,test    card ,19418 ,r,3330,-
turksat,trt ,10958 ,v,6250,5/6 
turksat,trt 2 ,10958 ,v,6250,5/6 
turksat,trt    arabi ,10958 ,v,6250,5/6 
turksat,trt    world ,10958 ,v,6250,5/6 
turksat,trt ,10968 ,v,7920,5/6 
turksat,trt 2 ,10968 ,v,7920,5/6 
turksat,trt 4k ,10980 ,v,12500,3/4 
turksat,ciner ,11045 ,h ,4800,3/4
turksat,show    turk ,11045 ,h ,4800,3/4
turksat,show max ,11045 ,h ,4800,3/4
turksat,ciner ,11053 ,h ,8000,3/4
turksat,habertürk ,11053 ,h ,8000,3/4
turksat,bloomberg    ht ,11053 ,h ,8000,3/4
turksat,show    turk ,11053 ,h ,8000,3/4
turksat,haberturk radyo,11053 ,h ,8000,3/4
turksat,trt ,11054 ,v,30000,3/4
turksat,trt    çocuk ,11054 ,v,30000,3/4
turksat,trt 1 ,11054 ,v,30000,3/4
turksat,trt    haber ,11054 ,v,30000,3/4
turksat,trt spor ,11054 ,v,30000,3/4
turksat,trt belgesel ,11054 ,v,30000,3/4
turksat,trt    world ,11054 ,v,30000,3/4
turksat,trt türk ,11054 ,v,30000,3/4
turksat,trt    müzik ,11054 ,v,30000,3/4
turksat,trt    kurdî ,11054 ,v,30000,3/4
turksat,türksat ,11062 ,h ,4820,3/4
turksat,tv 19 ,11062 ,h ,4820,3/4
turksat,berat tv ,11062 ,h ,4820,3/4
turksat,365 tv ,11062 ,h ,4820,3/4
turksat,türksat ,11096 ,v,30000,5/6 
turksat,363 tv ,11096 ,v,30000,5/6 
turksat,tv 19 ,11096 ,v,30000,5/6 
turksat,kidz    animez ,11096 ,v,30000,5/6 
turksat,kidz    animez ,11096 ,v,30000,5/6 
turksat,trt ,11096 ,h,30000,5/6
turksat,trt 1 ,11096 ,h,30000,5/6
turksat,trt    haber ,11096 ,h,30000,5/6
turksat,trt türk ,11096 ,h,30000,5/6
turksat,trt    müzik ,11096 ,h,30000,5/6
turksat,trt    çocuk ,11096 ,h,30000,5/6
turksat,trt avaz ,11096 ,h,30000,5/6
turksat,trt    arabi ,11096 ,h,30000,5/6
turksat,trt    arabi ,11096 ,h,30000,5/6
turksat,trt spor ,11096 ,h,30000,5/6
turksat,trt    kurdî ,11096 ,h,30000,5/6
turksat,trt radyo 1,11096 ,h,30000,5/6
turksat,trt radyo 3,11096 ,h,30000,5/6
turksat,trt fm,11096 ,h,30000,5/6
turksat,trt radyo kurdî,11096 ,h,30000,5/6
turksat,voice of turkey world,11096 ,h,30000,5/6
turksat,tsr,11096 ,h,30000,5/6
turksat,trt nagme,11096 ,h,30000,5/6
turksat,trt türkü,11096 ,h,30000,5/6
turksat,voice of turkey east,11096 ,h,30000,5/6
turksat,trt antalya radyosu,11096 ,h,30000,5/6
turksat,trt çukurova radyosu,11096 ,h,30000,5/6
turksat,trt erzurum radyosu,11096 ,h,30000,5/6
turksat,trt trabzon radyosu,11096 ,h,30000,5/6
turksat,voice of turkey west,11096 ,h,30000,5/6
turksat,trt dis yay orta dalga arapça,11096 ,h,30000,5/6
turksat,karnaval ,11127 ,v,1666,2/3
turksat,metro fm (turkey),11127 ,v,1666,2/3
turksat,süper fm,11127 ,v,1666,2/3
turksat,joyturk,11127 ,v,1666,2/3
turksat,joy fm (turkey),11127 ,v,1666,2/3
turksat,trt ,11133 ,v,1800,3/4
turksat,trt radyo 1,11133 ,v,1800,3/4
turksat,trt fm,11133 ,v,1800,3/4
turksat,trt radyo 3,11133 ,v,1800,3/4
turksat,sada el furat,11133 ,v,1800,3/4
turksat,trt nagme,11133 ,v,1800,3/4
turksat,trt türkü,11133 ,v,1800,3/4
turksat,trt radyo haber,11133 ,v,1800,3/4
turksat,yurt fm,11133 ,v,1800,3/4
turksat,radyo delal,11133 ,v,1800,3/4
turksat,trt nagme,11133 ,v,1800,3/4
turksat,digiturk ,11180 ,h,30000,5/6 
turksat,tjk tv ,11180 ,h,30000,5/6 
turksat,7 sky ,11196 ,v,1851,3/4
turksat,tarim tv ,11527 ,v,2222,3/4
turksat,trt antalya radyosu,11557 ,h,405,5/6 
turksat,trt ,11557 ,h,395,5/6 
turksat,trt çukurova radyosu,11557 ,h,395,5/6 
turksat,trt türkü,11557 ,h,395,5/6 
turksat,trt çukurova radyosu,11557 ,h,395,5/6 
turksat,türksat ,11558 ,v,30000,2/3
turksat,quran tv (saudi    arabia),11558 ,v,30000,2/3
turksat,sunna tv (saudi    arabia),11558 ,v,30000,2/3
turksat,semerkand    tv ,11558 ,v,30000,2/3
turksat,semerkand    tv ,11558 ,v,30000,2/3
turksat,vatanin    sesi ,11558 ,v,30000,2/3
turksat,rossiya    24 ,11558 ,v,30000,2/3
turksat,rtr    planeta ,11558 ,v,30000,2/3
turksat,semerkand radyo,11558 ,v,30000,2/3
turksat,garaj radyo,11558 ,v,30000,2/3
turksat,pal nostalji,11558 ,v,30000,2/3
turksat,pal station,11558 ,v,30000,2/3
turksat,erkam radyo,11558 ,v,30000,2/3
turksat,akra fm,11558 ,v,30000,2/3
turksat,trt erzurum radyosu,11558 ,h,4100,5/6
turksat,trt trabzon radyosu,11558 ,h,3900,3/4
turksat,trt gap diyarbakir radyosu,11559 ,h,4000 ,5/6
turksat,trt ,11573 ,h,1800,5/6 
turksat,trt radyo 1,11573 ,h,1800,5/6 
turksat,trt fm,11573 ,h,1800,5/6 
turksat,trt radyo 3,11573 ,h,1800,5/6 
turksat,sada el furat,11573 ,h,1800,5/6 
turksat,trt nagme,11573 ,h,1800,5/6 
turksat,trt türkü,11573 ,h,1800,5/6 
turksat,trt radyo haber,11573 ,h,1800,5/6 
turksat,digiturk ,11676 ,v,24444,3/4
turksat,tivibu ,11789 ,h,20000,3/4
turksat,tivibu ,11853 ,h,25000,3/4
turksat,tivibu    promo ,11853 ,h,25000,3/4
turksat,tivibu    spor ,11853 ,h,25000,3/4
turksat,habitat ,11853 ,h,25000,3/4
turksat,türksat ,11855 ,v,30000,3/4
turksat,tv 19 ,11855 ,v,30000,3/4
turksat,[türksat    info card] ,11855 ,v,30000,3/4
turksat,kablo    info ,11855 ,v,30000,3/4
turksat,türksat    promo ,11855 ,v,30000,3/4
turksat,zarok tv ,11855 ,v,30000,3/4
turksat,tivibu ,11880 ,h,20000,3/4
turksat,turkuvaz ,11883 ,v,4800,5/6
turksat,atv    avrupa ,11883 ,v,4800,5/6
turksat,a haber ,11883 ,v,4800,5/6
turksat,türksat ,11916 ,v,30000,3/4
turksat,kanal b ,11916 ,v,30000,3/4
turksat,eba tv    ilkokul ,11916 ,v,30000,3/4
turksat,eba tv    ortaokul ,11916 ,v,30000,3/4
turksat,eba tv    lise ,11916 ,v,30000,3/4
turksat,türksat    promo ,11916 ,v,30000,3/4
turksat,tv 19 ,11916 ,v,30000,3/4
turksat,eurostar ,11916 ,v,30000,3/4
turksat,trt ,11958 ,v,27500,5/6
turksat,trt 1 ,11958 ,v,27500,5/6
turksat,trt    haber ,11958 ,v,27500,5/6
turksat,trt türk ,11958 ,v,27500,5/6
turksat,trt spor (mon-wed    19-14 & thu-sun),11958 ,v,27500,5/6
turksat,tbmm tv (mon-wed    14-19),11958 ,v,27500,5/6
turksat,trt    çocuk ,11958 ,v,27500,5/6
turksat,trt belgesel ,11958 ,v,27500,5/6
turksat,trt 2 ,11958 ,v,27500,5/6
turksat,trt    müzik ,11958 ,v,27500,5/6
turksat,trt spor    2 ,11958 ,v,27500,5/6
turksat,trt radyo 1,11958 ,v,27500,5/6
turksat,trt radyo 3,11958 ,v,27500,5/6
turksat,trt gap diyarbakir radyosu,11958 ,v,27500,5/6
turksat,trt fm,11958 ,v,27500,5/6
turksat,trt radyo haber,11958 ,v,27500,5/6
turksat,trt radyo kurdî,11958 ,v,27500,5/6
turksat,voice of turkey world,11958 ,v,27500,5/6
turksat,tsr,11958 ,v,27500,5/6
turksat,meteorolojinin sesi radyosu,11958 ,v,27500,5/6
turksat,voice of turkey west,11958 ,v,27500,5/6
turksat,trt nagme,11958 ,v,27500,5/6
turksat,trt memleketim fm,11958 ,v,27500,5/6
turksat,trt türkü,11958 ,v,27500,5/6
turksat,voice of turkey east,11958 ,v,27500,5/6
turksat,d smart ,11977 ,h,27500,5/6
turksat,kanal d (turkey),11977 ,h,27500,5/6
turksat,tv 19 ,11977 ,h,27500,5/6
turksat,nhk    world japan ,11977 ,h,27500,5/6
turksat,cartoon    network türkiye ,11977 ,h,27500,5/6
turksat,test ,11977 ,h,27500,5/6
turksat,tv 19 ,11977 ,h,27500,5/6
turksat,show radyo,11977 ,h,27500,5/6
turksat,radyo viva,11977 ,h,27500,5/6
turksat,radyo eksen,11977 ,h,27500,5/6
turksat,radyo voyage,11977 ,h,27500,5/6
turksat,radyo babylon,11977 ,h,27500,5/6
turksat,turkuvaz ,11999 ,v,11666,3/4
turksat,a news ,11999 ,v,11666,3/4
turksat,a para ,11999 ,v,11666,3/4
turksat,a2 ,11999 ,v,11666,3/4
turksat,vav tv ,11999 ,v,11666,3/4
turksat,türkmeneli    tv ,12009 ,v,4444,2/3
turksat,radyo türkmeneli,12009 ,v,4444,2/3
turksat,dogus yayin grubu ,12015 ,h,27500,5/6
turksat,star tv (turkey),12015 ,h,27500,5/6
turksat,ntv (turkey),12015 ,h,27500,5/6
turksat,dmax    türkiye ,12015 ,h,27500,5/6
turksat,star tv (turkey),12015 ,h,27500,5/6
turksat,ntv (turkey),12015 ,h,27500,5/6
turksat,dmax    türkiye ,12015 ,h,27500,5/6
turksat,tlc    türkiye ,12015 ,h,27500,5/6
turksat,tlc    türkiye ,12015 ,h,27500,5/6
turksat,ntv radyo,12015 ,h,27500,5/6
turksat,kral pop radyo,12015 ,h,27500,5/6
turksat,kral fm,12015 ,h,27500,5/6
turksat,d smart ,12034 ,v,27500,5/6
turksat,cnn türk ,12034 ,v,27500,5/6
turksat,teve 2 ,12034 ,v,27500,5/6
turksat,yasam tv ,12034 ,v,27500,5/6
turksat,tv 19 ,12034 ,v,27500,5/6
turksat,dream    türk ,12034 ,v,27500,5/6
turksat,euro d ,12034 ,v,27500,5/6
turksat,tv 8    international ,12034 ,v,27500,5/6
turksat,tele 1 ,12034 ,v,27500,5/6
turksat,363 tv ,12034 ,v,27500,5/6
turksat,anadolu    dernek tv ,12034 ,v,27500,5/6
turksat,tvo ,12034 ,v,27500,5/6
turksat,test ,12034 ,v,27500,5/6
turksat,karadeniz    turk ,12034 ,v,27500,5/6
turksat,tarim    türk ,12034 ,v,27500,5/6
turksat,rumeli    tv ,12034 ,v,27500,5/6
turksat,vatan tv (turkey),12034 ,v,27500,5/6
turksat,ekin    türk ,12034 ,v,27500,5/6
turksat,[engelsiz    tv info card] ,12034 ,v,27500,5/6
turksat,kidz    animez ,12034 ,v,27500,5/6
turksat,4 eylül    tv ,12034 ,v,27500,5/6
turksat,cnn türk radyo,12034 ,v,27500,5/6
turksat,radyo d,12034 ,v,27500,5/6
turksat,slow türk,12034 ,v,27500,5/6
turksat,best fm (turkey),12034 ,v,27500,5/6
turksat,radyo seymen,12034 ,v,27500,5/6
turksat,turkuvaz ,12054 ,h,27500,5/6
turksat,atv    türkiye ,12054 ,h,27500,5/6
turksat,a haber ,12054 ,h,27500,5/6
turksat,a spor ,12054 ,h,27500,5/6
turksat,minika    çocuk ,12054 ,h,27500,5/6
turksat,minika    go ,12054 ,h,27500,5/6
turksat,atv    türkiye ,12054 ,h,27500,5/6
turksat,a haber ,12054 ,h,27500,5/6
turksat,a spor ,12054 ,h,27500,5/6
turksat,a2 ,12054 ,h,27500,5/6
turksat,radyo turkuvaz,12054 ,h,27500,5/6
turksat,a haber radyo,12054 ,h,27500,5/6
turksat,a spor radyo,12054 ,h,27500,5/6
turksat,vav radyo,12054 ,h,27500,5/6
turksat,digiturk ,12073 ,v,27500,3/4
turksat,uçankus    tv ,12083 ,h,13750,2/3
turksat,eba tv    ilkokul ,12083 ,h,13750,2/3
turksat,eba tv    ortaokul ,12083 ,h,13750,2/3
turksat,eba tv    lise ,12083 ,h,13750,2/3
turksat,türksat    promo ,12083 ,h,13750,2/3
turksat,kanal 7 ,12095 ,h,4800,5/6
turksat,kanal 7 ,12095 ,h,4800,5/6
turksat,ülke tv ,12095 ,h,4800,5/6
turksat,radyo 7,12095 ,h,4800,5/6
turksat,kanal 7 ,12103 ,h,8333,2/3
turksat,kanal 7 ,12103 ,h,8333,2/3
turksat,ülke tv ,12103 ,h,8333,2/3
turksat,d smart ,12188 ,v,27500,5/6
turksat,ciner ,12209 ,h,10000,3/4
turksat,show tv ,12209 ,h,10000,3/4
turksat,habertürk ,12209 ,h,10000,3/4
turksat,bloomberg    ht ,12209 ,h,10000,3/4
turksat,show max ,12209 ,h,10000,3/4
turksat,tv net ,12213 ,v,5833,2/3
turksat,show tv ,12219 ,h,6500,3/4
turksat,tgrt ,12228 ,v,8400,5/6
turksat,tgrt    haber ,12228 ,v,8400,5/6
turksat,tgrt    belgesel ,12228 ,v,8400,5/6
turksat,tgrt eu ,12228 ,v,8400,5/6
turksat,tgrt fm,12228 ,v,8400,5/6
turksat,d smart ,12245 ,h,27500,5/6
turksat,kanal d (turkey),12245 ,h,27500,5/6
turksat,cnn türk ,12245 ,h,27500,5/6
turksat,teve 2 ,12245 ,h,27500,5/6
turksat,dream    türk ,12245 ,h,27500,5/6
turksat,tay tv ,12245 ,h,27500,5/6
turksat,bizimev tv ,12245 ,h,27500,5/6
turksat,[tv 35    info card] ,12245 ,h,27500,5/6
turksat,[kocaeli    tv info card] ,12245 ,h,27500,5/6
turksat,güç telekom medya ve iletisim ticaret ,12265 ,v,27500,5/6
turksat,sun rtv ,12265 ,v,27500,5/6
turksat,kanal v ,12265 ,v,27500,5/6
turksat,power tv (turkey),12265 ,v,27500,5/6
turksat,tatlises    tv ,12265 ,v,27500,5/6
turksat,tv a ,12265 ,v,27500,5/6
turksat,kent    türk ,12265 ,v,27500,5/6
turksat,kanal 26 ,12265 ,v,27500,5/6
turksat,interaz ,12265 ,v,27500,5/6
turksat,aksu tv ,12265 ,v,27500,5/6
turksat,deha tv ,12265 ,v,27500,5/6
turksat,es tv ,12265 ,v,27500,5/6
turksat,çiftçi    tv ,12265 ,v,27500,5/6
turksat,ertv ,12265 ,v,27500,5/6
turksat,mercan    tv ,12265 ,v,27500,5/6
turksat,kanal    firat ,12265 ,v,27500,5/6
turksat,brtv ,12265 ,v,27500,5/6
turksat,kanal 68 ,12265 ,v,27500,5/6
turksat,tv 41 ,12265 ,v,27500,5/6
turksat,mavi    karadeniz tv ,12265 ,v,27500,5/6
turksat,tempo tv (turkey),12265 ,v,27500,5/6
turksat,vizyon    58 ,12265 ,v,27500,5/6
turksat,kanal 23 ,12265 ,v,27500,5/6
turksat,kanal 15 ,12265 ,v,27500,5/6
turksat,ton tv ,12265 ,v,27500,5/6
turksat,sat 7    türk ,12265 ,v,27500,5/6
turksat,av tv ,12265 ,v,27500,5/6
turksat,vuslat    tv ,12265 ,v,27500,5/6
turksat,mesaj tv ,12265 ,v,27500,5/6
turksat,ege tv (turkey),12265 ,v,27500,5/6
turksat,kanal 3 (turkey),12265 ,v,27500,5/6
turksat,kanal    ege ,12265 ,v,27500,5/6
turksat,kanal 12 ,12265 ,v,27500,5/6
turksat,power fm (turkey),12265 ,v,27500,5/6
turksat,power türk fm,12265 ,v,27500,5/6
turksat,power plus,12265 ,v,27500,5/6
turksat,power pop,12265 ,v,27500,5/6
turksat,radyo fenomen,12265 ,v,27500,5/6
turksat,türkmedya ,12298 ,v,4800,5/6
turksat,24 tv ,12298 ,v,4800,5/6
turksat,360 ,12298 ,v,4800,5/6
turksat,alem fm,12298 ,v,4800,5/6
turksat,lig radyo,12298 ,v,4800,5/6
turksat,radyo abc,12298 ,v,4800,5/6
turksat,türkmedya ,12310 ,v,15000,3/4
turksat,24 tv ,12310 ,v,15000,3/4
turksat,360 ,12310 ,v,15000,3/4
turksat,tv 4 (turkey),12310 ,v,15000,3/4
turksat,fox    türkiye ,12329 ,h,6666,2/3
turksat,fox    türkiye ,12336 ,h,5520,3/4 
turksat,türksat ,12344 ,v,30000,3/4 
turksat,365 tv ,12344 ,v,30000,3/4 
turksat,fb tv ,12344 ,v,30000,3/4 
turksat,yildiz    tv en ,12344 ,v,30000,3/4 
turksat,radyo fenerbahçe,12344 ,v,30000,3/4 
turksat,bayram fm,12344 ,v,30000,3/4 
turksat,radyo 2000,12344 ,v,30000,3/4 
turksat,acunmedya ,12346 ,h,9600,3/4
turksat,tv 8 (turkey),12346 ,h,9600,3/4
turksat,tv 8.5 ,12346 ,h,9600,3/4
turksat,acunmedya ,12356 ,h,7100,2/3
turksat,tv 8 (turkey),12356 ,h,7100,2/3
turksat,tv 8.5 ,12356 ,h,7100,2/3
turksat,türksat ,12379 ,h,30000,3/4
turksat,discovery    channel türkiye ,12379 ,h,30000,3/4
turksat,bein    sports haber ,12379 ,h,30000,3/4
turksat,bein    sports haber ,12379 ,h,30000,3/4
turksat,baby tv    europe ,12379 ,h,30000,3/4
turksat,türksat ,12380 ,v,27500,3/4
turksat,beyaz tv ,12380 ,v,27500,3/4
turksat,beyaz tv ,12380 ,v,27500,3/4
turksat,[test    card] ,12380 ,v,27500,3/4
turksat,diyanet    tv ,12380 ,v,27500,3/4
turksat,haber    global ,12380 ,v,27500,3/4
turksat,diyanet radyo,12380 ,v,27500,3/4
turksat,diyanet kur'an radyo,12380 ,v,27500,3/4
turksat,diyanet risalet radyo,12380 ,v,27500,3/4
turksat,türksat ,12422 ,v,27500,3/4
turksat,halk tv ,12422 ,v,27500,3/4
turksat,gonca tv ,12422 ,v,27500,3/4
turksat,türksat ,12422 ,h,30000,3/4
turksat,disney    channel türkiye ,12422 ,h,30000,3/4
turksat,diyanet    tv ,12422 ,h,30000,3/4
turksat,trt avaz ,12422 ,h,30000,3/4
turksat,[türksat    test card] ,12422 ,h,30000,3/4
turksat,kanal    çay ,12422 ,h,30000,3/4
turksat,türkiye polis radyosu,12422 ,h,30000,3/4
turksat,lâlegül fm,12422 ,h,30000,3/4
turksat,rah-e-farda ,12446 ,h,2400,3/4 
turksat,fox networks group turkey ,12457 ,h,15000,2/3
turksat,fox    crime türkiye ,12457 ,h,15000,2/3
turksat,national    geographic türkiye ,12457 ,h,15000,2/3
turksat,fx    türkiye ,12457 ,h,15000,2/3
turksat,disney    junior türkiye & polska ,12457 ,h,15000,2/3
turksat,24    kitchen türkiye ,12457 ,h,15000,2/3
turksat,national    geographic wild türkiye ,12457 ,h,15000,2/3
turksat,türksat ,12458 ,v,30000,3/4
turksat,agro tv (turkey),12458 ,v,30000,3/4
turksat,aljazeera    english ,12458 ,v,30000,3/4
turksat,aljazeera    channel ,12458 ,v,30000,3/4
turksat,türksat ,12559 ,v,27500,2/3
turksat,küpe fm,12559 ,v,27500,2/3
turksat,türkiye polis radyosu,12559 ,v,27500,2/3
turksat,radyo trafik,12559 ,v,27500,2/3
turksat,radyo spor,12559 ,v,27500,2/3
turksat,tempo türk radyo,12559 ,v,27500,2/3
turksat,türksat ,12588 ,v,22500,3/4
turksat,türksat    promo ,12588 ,v,22500,3/4
turksat,trt    world ,12588 ,v,22500,3/4
turksat,uçankus    tv ,12588 ,v,22500,3/4
turksat,ntr tv ,12588 ,v,22500,3/4
turksat,türksat ,12610 ,h,20830,3/4
turksat,brt 3 ,12610 ,h,20830,3/4
turksat,brt 2 ,12610 ,h,20830,3/4
turksat,brt 1 ,12610 ,h,20830,3/4
turksat,tv 2020 ,12610 ,h,20830,3/4
turksat,ada tv ,12610 ,h,20830,3/4
turksat,kibris    genç tv ,12610 ,h,20830,3/4
turksat,kibris    kanal t ,12610 ,h,20830,3/4
turksat,kibris    tv ,12610 ,h,20830,3/4
turksat,kanal    sim ,12610 ,h,20830,3/4
turksat,tv günes ,12610 ,h,20830,3/4
turksat,bayrak radyosu,12610 ,h,20830,3/4
turksat,bayrak fm,12610 ,h,20830,3/4
turksat,radyo diyalog,12610 ,h,20830,3/4
turksat,türksat ,12685 ,v,30000,2/3
turksat,kadirga    tv ,12685 ,v,30000,2/3
turksat,kanal 7    avrupa ,12685 ,v,30000,2/3
turksat,meltem    tv ,12685 ,v,30000,2/3
turksat,edessa    tv ,12685 ,v,30000,2/3
turksat,kanal    urfa ,12685 ,v,30000,2/3
turksat,güneydogu    tv ,12685 ,v,30000,2/3
turksat,line tv ,12685 ,v,30000,2/3
turksat,uzay    haber ,12685 ,v,30000,2/3
turksat,sports    tv ,12685 ,v,30000,2/3
turksat,rehber    tv ,12685 ,v,30000,2/3
turksat,çay tv ,12685 ,v,30000,2/3
turksat,tek rumeli    tv ,12685 ,v,30000,2/3
turksat,dost tv ,12685 ,v,30000,2/3
turksat,türkhaber ,12685 ,v,30000,2/3
turksat,kanal 5 (turkey),12685 ,v,30000,2/3
turksat,fm tv (turkey),12685 ,v,30000,2/3
turksat,lâlegül    tv ,12685 ,v,30000,2/3
turksat,hrt    akdeniz tv ,12685 ,v,30000,2/3
turksat,grt ,12685 ,v,30000,2/3
turksat,ulusal    kanal ,12685 ,v,30000,2/3
turksat,koza tv ,12685 ,v,30000,2/3
turksat,kardelen    tv ,12685 ,v,30000,2/3
turksat,halk tv ,12685 ,v,30000,2/3
turksat,manisa    tv ,12685 ,v,30000,2/3
turksat,cagri fm,12685 ,v,30000,2/3
turksat,dost fm,12685 ,v,30000,2/3
turksat,radyo 7,12685 ,v,30000,2/3
turksat,lâlegül fm,12685 ,v,30000,2/3
turksat,türksat ,12685 ,h,27500,2/3
turksat,akit tv ,12685 ,h,27500,2/3
turksat,tmb ,12685 ,h,27500,2/3
turksat,kon tv ,12685 ,h,27500,2/3
turksat,tv 1 (turkey),12685 ,h,27500,2/3
turksat,tv    kayseri ,12685 ,h,27500,2/3
turksat,kanal 32 ,12685 ,h,27500,2/3
turksat,ua tv ,12685 ,h,27500,2/3
turksat,ala too    24 ,12685 ,h,27500,2/3
turksat,kanal 42 ,12685 ,h,27500,2/3
turksat,bengü    türk ,12685 ,h,27500,2/3
turksat,köy tv ,12685 ,h,27500,2/3
turksat,qazaq tv ,12685 ,h,27500,2/3
turksat,altas tv ,12685 ,h,27500,2/3
turksat,haber    global ,12685 ,h,27500,2/3
turksat,milyon    tv ,12685 ,h,27500,2/3
turksat,tv 52 ,12685 ,h,27500,2/3
turksat,tv den ,12685 ,h,27500,2/3
turksat,tv 264 ,12685 ,h,27500,2/3
turksat,sivas    srt ,12685 ,h,27500,2/3
turksat,tgrt    haber ,12685 ,h,27500,2/3
turksat,ribat fm,12685 ,h,27500,2/3
turksat,türksat ,12729 ,v,30000,2/3
turksat,kudüs tv ,12729 ,v,30000,2/3
turksat,kanal    avrupa ,12729 ,v,30000,2/3
turksat,kanal 33 ,12729 ,v,30000,2/3
turksat,number 1    tv ,12729 ,v,30000,2/3
turksat,number 1    türk ,12729 ,v,30000,2/3
turksat,pamukkale    tv ,12729 ,v,30000,2/3
turksat,drt    denizli ,12729 ,v,30000,2/3
turksat,tv 100 (turkey),12729 ,v,30000,2/3
turksat,tv 5 (turkey),12729 ,v,30000,2/3
turksat,on 4 ,12729 ,v,30000,2/3
turksat,krt (turkey),12729 ,v,30000,2/3
turksat,beykent    tv ,12729 ,v,30000,2/3
turksat,ekotürk ,12729 ,v,30000,2/3
turksat,cem tv ,12729 ,v,30000,2/3
turksat,bbn türk ,12729 ,v,30000,2/3
turksat,bitlis    tv ,12729 ,v,30000,2/3
turksat,süper tv ,12729 ,v,30000,2/3
turksat,[evin tv    info card] ,12729 ,v,30000,2/3
turksat,number 1 türk fm,12729 ,v,30000,2/3
turksat,number 1 fm,12729 ,v,30000,2/3
turksat,karadeniz fm,12729 ,v,30000,2/3
turksat,yön radyo,12729 ,v,30000,2/3
turksat,cem radyo,12729 ,v,30000,2/3
turksat,türksat ,18669 ,l,22500,3/4
turksat,türksat    promo ,18669 ,l,22500,3/4
turksat,trt    world ,18669 ,l,22500,3/4
turksat,uçankus    tv ,18669 ,l,22500,3/4
turksat,ntr tv ,18669 ,l,22500,3/4
turksat,türksat    promo ,18774 ,l,22500,2/3
turksat,merrybet ,18774 ,l,22500,2/3
turksat,help tv ,18774 ,l,22500,2/3
turksat,trt    world ,18774 ,l,22500,2/3
turksat,uçankus    tv ,18774 ,l,22500,2/3
turksat,ntr tv ,18774 ,l,22500,2/3
turksat,western    bet epl ,18774 ,l,22500,2/3
turksat,western    bet six ,18774 ,l,22500,2/3
turksat,rhema tv (nigeria),18774 ,l,22500,2/3
hotbird,mx1,10815,h,27500,5/6
hotbird,netviet,10815,h,27500,5/6
hotbird,vozrozhdeniye,10815,h,27500,5/6
hotbird,bvn europa,10815,h,27500,5/6
hotbird,cnl evropa,10815,h,27500,5/6
hotbird,fashion one    europe,10815,h,27500,5/6
hotbird,tbn rossiya,10815,h,27500,5/6
hotbird,thai tv global    network,10815,h,27500,5/6
hotbird,tvk,10815,h,27500,5/6
hotbird,the word network,10815,h,27500,5/6
hotbird,the overcomer,10815,h,27500,5/6
hotbird,globecast,10949,v,27500,3/4
hotbird,al hiwar tv,10949,v,27500,3/4
hotbird,brazzers tv europe,10949,v,27500,3/4
hotbird,ewtn europe,10949,v,27500,3/4
hotbird,cnbc europe,10949,v,27500,3/4
hotbird,al-fady tv,10949,v,27500,3/4
hotbird,sat 7 pars,10949,v,27500,3/4
hotbird,imam hussein tv    1,10949,v,27500,3/4
hotbird,wrn russkij,10949,v,27500,3/4
hotbird,wrn english    europe,10949,v,27500,3/4
hotbird,sawt al alam,10949,v,27500,3/4
hotbird,rai network,10971,h,29700,2/3
hotbird,rai network,10992,v,27500,2/3
hotbird,rai 3 friuli    venezia giulia,10992,v,27500,2/3
hotbird,rai movie,10992,v,27500,2/3
hotbird,rai 1,10992,v,27500,2/3
hotbird,rai 2,10992,v,27500,2/3
hotbird,rai 3,10992,v,27500,2/3
hotbird,rai 4,10992,v,27500,2/3
hotbird,rai news 24,10992,v,27500,2/3
hotbird,rai,11013,h,29900,3/4
hotbird,rai 4k,11013,h,29900,3/4
hotbird,rai gulp,11013,h,29900,3/4
hotbird,rai yoyo,11013,h,29900,3/4
hotbird,rai scuola,11013,h,29900,3/4
hotbird,rai 4,11013,h,29900,3/4
hotbird,rai premium,11013,h,29900,3/4
hotbird,rai movie,11013,h,29900,3/4
hotbird,globecast,11034,v,27500,3/4
hotbird,tv 5 coran,11034,v,27500,3/4
hotbird,tv 4 amazigh,11034,v,27500,3/4
hotbird,tnt    international europe,11034,v,27500,3/4
hotbird,112 ukraïna,11034,v,27500,3/4
hotbird,2m monde,11034,v,27500,3/4
hotbird,cgtn,11034,v,27500,3/4
hotbird,sts    international,11034,v,27500,3/4
hotbird,rtr planeta,11034,v,27500,3/4
hotbird,boutique tv    deutschland,11034,v,27500,3/4
hotbird,rossiya 24,11034,v,27500,3/4
hotbird,ntv mir,11034,v,27500,3/4
hotbird,ganj e hozour tv,11034,v,27500,3/4
hotbird,8 kanal    international,11034,v,27500,3/4
hotbird,chaîne 3,11034,v,27500,3/4
hotbird,chaîne 1,11034,v,27500,3/4
hotbird,media broadcast    satellite,11054,h,27500,5/6
hotbird,deutsches musik    fernsehen,11054,h,27500,5/6
hotbird,arti tv,11054,h,27500,5/6
hotbird,mc eu,11054,h,27500,5/6
hotbird,media broadcast    satellite promo,11054,h,27500,5/6
hotbird,jin tv,11054,h,27500,5/6
hotbird,can tv,11054,h,27500,5/6
hotbird,media broadcast    satellite,11075,v,30000,3/4
hotbird,aristo tv,11075,v,30000,3/4
hotbird,anixe +,11075,v,30000,3/4
hotbird,anixe hd serie,11075,v,30000,3/4
hotbird,eutelsat,11200,v,27500,5/6
hotbird,mohabat tv,11200,v,27500,5/6
hotbird,deluxe 139,11200,v,27500,5/6
hotbird,mta 3,11200,v,27500,5/6
hotbird,mta africa,11200,v,27500,5/6
hotbird,kicc tv,11200,v,27500,5/6
hotbird,günaz tv,11200,v,27500,5/6
hotbird,umut tv,11200,v,27500,5/6
hotbird,omid tv,11200,v,27500,5/6
hotbird,payam-e-doost,11200,v,27500,5/6
hotbird,voisfarsi,11200,v,27500,5/6
hotbird,rvs italy,11200,v,27500,5/6
hotbird,wesal haq,11471,v,27500,5/6
hotbird,srtv,11471,v,27500,5/6
hotbird,alalam news    channel,11471,v,27500,5/6
hotbird,somali cable,11471,v,27500,5/6
hotbird,toheed tv,11471,v,27500,5/6
hotbird,universal    tv (uk),11471,v,27500,5/6
hotbird,azadi tv,11471,v,27500,5/6
hotbird,somali national    tv,11471,v,27500,5/6
hotbird,rûdaw music,11471,v,27500,5/6
hotbird,m-three satcom,11541,v,22000,5/6
hotbird,simay-azadi iran    national tv,11541,v,22000,5/6
hotbird,spike italia,11541,v,22000,5/6
hotbird,vh1 italia,11541,v,22000,5/6
hotbird,paramount    network italia,11541,v,22000,5/6
hotbird,tg norba 24,11541,v,22000,5/6
hotbird,sct promo,11541,v,22000,5/6
hotbird,globecast,11566,h,29900,3/4
hotbird,qatar tv,11566,h,29900,3/4
hotbird,trt arabi,11566,h,29900,3/4
hotbird,belarus 24,11566,h,29900,3/4
hotbird,euronews english,11566,h,29900,3/4
hotbird,ktv    1 (kuwait),11566,h,29900,3/4
hotbird,trt world,11566,h,29900,3/4
hotbird,bahrain tv,11566,h,29900,3/4
hotbird,france 24    français,11566,h,29900,3/4
hotbird,france 24    english,11566,h,29900,3/4
hotbird,cnn    international europe,11566,h,29900,3/4
hotbird,alquran alkarem,11566,h,29900,3/4
hotbird,media broadcast    satellite,11604,h,27500,5/6
hotbird,iran e aryaee tv,11604,h,27500,5/6
hotbird,tv rus,11604,h,27500,5/6
hotbird,globecast,11623,v,27500,3/4
hotbird,tele congo,11623,v,27500,3/4
hotbird,arirang world,11623,v,27500,3/4
hotbird,soyuz,11623,v,27500,3/4
hotbird,mezzo,11623,v,27500,3/4
hotbird,ert world,11623,v,27500,3/4
hotbird,proto programma,11623,v,27500,3/4
hotbird,deftero    programma,11623,v,27500,3/4
hotbird,trito programma,11623,v,27500,3/4
hotbird,era spor,11623,v,27500,3/4
hotbird,i foni tis    elladas,11623,v,27500,3/4
hotbird,france maghreb 2    province,11623,v,27500,3/4
hotbird,bis tv,11681,h,27500,3/4
hotbird,arte français,11681,h,27500,3/4
hotbird,dw english,11727,v,29900,3/4
hotbird,globecast promo,11727,v,29900,3/4
hotbird,sky italia,11785,h,29900,3/4
hotbird,nova,11823,h,27500,3/4
hotbird,sky italia,11843,v,29900,3/4
hotbird,sky italia,11862,h,29900,5/6
hotbird,sky italia,11881,v,27500,3/4
hotbird,sky italia,11900,h,29900,3/4
hotbird,nova,11938,h,27500,3/4
hotbird,sky italia,11958,v,27500,3/4
hotbird,sky italia,11977,h,29900,5/6
hotbird,sky italia,11996,v,29900,3/4
hotbird,cyfrowy polsat,12015,h,27500,3/4
hotbird,sky italia,12034,v,29900,5/6
hotbird,sky italia,12054,h,29900,5/6
hotbird,sky italia,12073,v,29900,5/6
hotbird,sky italia,12092,h,29900,3/4
hotbird,nova,12130,h,27500,3/4
hotbird,m-three satcom,12149,v,27500,3/4
hotbird,hashieh tv,12149,v,27500,3/4
hotbird,h music,12149,v,27500,3/4
hotbird,h travel,12149,v,27500,3/4
hotbird,haft,12149,v,27500,3/4
hotbird,watania 1,12149,v,27500,3/4
hotbird,cctv 4 europe,12149,v,27500,3/4
hotbird,rtv san marino,12149,v,27500,3/4
hotbird,cnc world    english,12149,v,27500,3/4
hotbird,bayyinat tv,12149,v,27500,3/4
hotbird,rtl 102.5 fm,12149,v,27500,3/4
hotbird,m2o,12149,v,27500,3/4
hotbird,nova,12169,h,27500,3/4
hotbird,vouli tileorasi,12169,h,27500,3/4
hotbird,cyfrowy polsat,12188,v,27500,3/4
hotbird,tv okazje,12188,v,27500,3/4
hotbird,muzo fm,12188,v,27500,3/4
hotbird,rmf classic,12188,v,27500,3/4
hotbird,rmf maxxx,12188,v,27500,3/4
hotbird,sky italia,12188,v,27500,3/4
hotbird,voa,12226,v,27500,3/4
hotbird,nastoyashcheye    vremya,12226,v,27500,3/4
hotbird,nastoyashcheye    vremya,12226,v,27500,3/4
hotbird,voa tv europe,12226,v,27500,3/4
hotbird,voa tv persian,12226,v,27500,3/4
hotbird,voa tv persian,12226,v,27500,3/4
hotbird,voa tv europe,12226,v,27500,3/4
hotbird,voa tv global,12226,v,27500,3/4
hotbird,voice of    america (hb 3),12226,v,27500,3/4
hotbird,voice of    america (hb 5),12226,v,27500,3/4
hotbird,voice of    america (hb 7),12226,v,27500,3/4
hotbird,voa 1 (hb    9),12226,v,27500,3/4
hotbird,voice of    america (hb 11),12226,v,27500,3/4
hotbird,voice of    america (hb 13),12226,v,27500,3/4
hotbird,voa africa    live (hb 15),12226,v,27500,3/4
hotbird,voice of america,12226,v,27500,3/4
hotbird,voice of    america (hb 18),12226,v,27500,3/4
hotbird,voa 1,12226,v,27500,3/4
hotbird,voice of    america (hb 21),12226,v,27500,3/4
hotbird,voice of    america (hb 22),12226,v,27500,3/4
hotbird,voa eastern    europe (hb 23),12226,v,27500,3/4
hotbird,voa eastern    europe (hb 24),12226,v,27500,3/4
hotbird,voice of america,12226,v,27500,3/4
hotbird,voice of america,12226,v,27500,3/4
hotbird,azattyk unalgysy,12226,v,27500,3/4
hotbird,voice of america,12226,v,27500,3/4
hotbird,krym realii,12226,v,27500,3/4
hotbird,ekho kavkaza,12226,v,27500,3/4
hotbird,voice of    america (hb 89),12226,v,27500,3/4
hotbird,voice of america,12226,v,27500,3/4
hotbird,sky italia,12245,h,29900,5/6
hotbird,loveworld tv,12245,h,29900,5/6
hotbird,wine tv,12245,h,29900,5/6
hotbird,canale italia 83,12245,h,29900,5/6
hotbird,archi news 24,12245,h,29900,5/6
hotbird,canale italia 84,12245,h,29900,5/6
hotbird,one tv,12245,h,29900,5/6
hotbird,partenope tv,12245,h,29900,5/6
hotbird,italian fishing    tv,12245,h,29900,5/6
hotbird,cyfrowy polsat,12265,v,27500,3/4
hotbird,cyfrowy polsat,12284,h,27500,3/4
hotbird,tbn europe,12303,v,27500,3/4
hotbird,life    tv (estonia),12303,v,27500,3/4
hotbird,tci,12303,v,27500,3/4
hotbird,hillsong channel,12303,v,27500,3/4
hotbird,smile    tv (day),12303,v,27500,3/4
hotbird,juce    tv (night),12303,v,27500,3/4
hotbird,al horreya tv,12303,v,27500,3/4
hotbird,tbn polska,12303,v,27500,3/4
hotbird,tbn nejat tv,12303,v,27500,3/4
hotbird,kanal hayat,12303,v,27500,3/4
hotbird,eutelsat,12322,h,27500,3/4
hotbird,rede    internacional de tv,12322,h,27500,3/4
hotbird,shant tv,12322,h,27500,3/4
hotbird,bbc persian,12322,h,27500,3/4
hotbird,pars tv,12322,h,27500,3/4
hotbird,detski    mir (05-21),12322,h,27500,3/4
hotbird,teleklub (21-05),12322,h,27500,3/4
hotbird,nashe lubimoe    kino,12322,h,27500,3/4
hotbird,andisheh tv,12322,h,27500,3/4
hotbird,sky italia,12341,v,29900,3/4
hotbird,sky italia,12360,h,29900,3/4
hotbird,globecast,12380,v,27500,3/4
hotbird,quran hidayah english,12380,v,27500,3/4
hotbird,coran hidaiah    français,12380,v,27500,3/4
hotbird,corán hidaiah    español,12380,v,27500,3/4
hotbird,karbala    satellite channel,12380,v,27500,3/4
hotbird,cgn tv,12380,v,27500,3/4
hotbird,euronews russkiy,12380,v,27500,3/4
hotbird,euronews magyar,12380,v,27500,3/4
hotbird,sunna tv (saudi    arabia),12380,v,27500,3/4
hotbird,koran hedayah,12380,v,27500,3/4
hotbird,koran hidaya,12380,v,27500,3/4
hotbird,kur'an hidajeh,12380,v,27500,3/4
hotbird,kur'ani hedaya    shqip,12380,v,27500,3/4
hotbird,quran hidayah persian,12380,v,27500,3/4
hotbird,rfi français,12380,v,27500,3/4
hotbird,rfi langues est,12380,v,27500,3/4
hotbird,rfi langues    diverse,12380,v,27500,3/4
hotbird,rfi afrique,12380,v,27500,3/4
hotbird,rfi diverse 7,12380,v,27500,3/4
hotbird,monte carlo    doualiya,12380,v,27500,3/4
hotbird,etisalat,12399,h,29700,2/3
hotbird,sama dubai,12399,h,29700,2/3
hotbird,dubai tv,12399,h,29700,2/3
hotbird,dubai sports,12399,h,29700,2/3
hotbird,sky italia,12418,v,29900,3/4
hotbird,irib,12437,h,29900,3/4
hotbird,irinn,12437,h,29900,3/4
hotbird,quran    tv (iran),12437,h,29900,3/4
hotbird,ifilm persian,12437,h,29900,3/4
hotbird,nasim,12437,h,29900,3/4
hotbird,jame-jam tv    network,12437,h,29900,3/4
hotbird,sahar    francophone (13.30-17.00 & 21-09),12437,h,29900,3/4
hotbird,sahar    balkan (09.00-13:30 & 17-21),12437,h,29900,3/4
hotbird,sahar azeri,12437,h,29900,3/4
hotbird,sahar urdu,12437,h,29900,3/4
hotbird,sahar kurdi,12437,h,29900,3/4
hotbird,alkawthar tv,12437,h,29900,3/4
hotbird,press tv,12437,h,29900,3/4
hotbird,hispan tv,12437,h,29900,3/4
hotbird,ifilm english,12437,h,29900,3/4
hotbird,sky italia,12466,v,29900,3/4
hotbird,globecast,12476,h,29900,3/4
hotbird,rt news,12476,h,29900,3/4
hotbird,rt documentary,12476,h,29900,3/4
hotbird,super tennis,12476,h,29900,3/4
hotbird,telepace,12476,h,29900,3/4
hotbird,bbc brit polska,12476,h,29900,3/4
hotbird,cbeebies polska,12476,h,29900,3/4
hotbird,bbc lifestyle    polska,12476,h,29900,3/4
hotbird,euronews    italiano,12476,h,29900,3/4
hotbird,euronews    ellinika,12476,h,29900,3/4
hotbird,equidia pro 1,12476,h,29900,3/4
hotbird,equidia pro 2,12476,h,29900,3/4
hotbird,al rayyan    satellite channel,12476,h,29900,3/4
hotbird,sout al islam,12476,h,29900,3/4
hotbird,stn,12520,v,27500,5/6
hotbird,tv koper    capodistria,12520,v,27500,5/6
hotbird,ronahî tv,12520,v,27500,5/6
hotbird,med muzîk,12520,v,27500,5/6
hotbird,fadak tv,12520,v,27500,5/6
hotbird,alaraby tv 2,12520,v,27500,5/6
hotbird,kentron tv    international,12520,v,27500,5/6
hotbird,stêrk,12520,v,27500,5/6
hotbird,angel tv europe,12520,v,27500,5/6
hotbird,çira tv,12520,v,27500,5/6
hotbird,syria tv,12520,v,27500,5/6
hotbird,somaliland    national tv (qatar),12520,v,27500,5/6
hotbird,al malakoot sat,12520,v,27500,5/6
hotbird,globecast,12597,v,27500,3/4
hotbird,bbc arabic,12597,v,27500,3/4
hotbird,bbc world news    europe,12597,v,27500,3/4
hotbird,perviy kanal    europa,12597,v,27500,3/4
hotbird,cnn    international europe,12597,v,27500,3/4
hotbird,euronews english,12597,v,27500,3/4
hotbird,jstv 1,12597,v,27500,3/4
hotbird,jstv 2,12597,v,27500,3/4
hotbird,perviy kanal europa,12597,v,27500,3/4
hotbird,rt documentary,12597,v,27500,3/4
hotbird,bbc world    service horn of africa,12597,v,27500,3/4
hotbird,bbc world    service arabic,12597,v,27500,3/4
hotbird,bbc world    service english europe,12597,v,27500,3/4
hotbird,bbc world    service english middle east,12597,v,27500,3/4
hotbird,sky italia,12673,v,29900,5/6
hotbird,a2i,12673,v,29900,5/6
hotbird,la 9,12673,v,29900,5/6
hotbird,parole di vita,12673,v,29900,5/6
hotbird,itv italia,12673,v,29900,5/6
hotbird,mediasport channel,12673,v,29900,5/6
hotbird,canale italia 2,12673,v,29900,5/6
nilesat,eutelsat,10721,h,30000,2/3
nilesat,tambarin hausa    tv,10721,h,30000,2/3
nilesat,shedenzoo tv    promo,10721,h,30000,2/3
nilesat,eutelsat promo,10721,h,30000,2/3
nilesat,halal    international channel tv,10721,h,30000,2/3
nilesat,nyota tv promo,10721,h,30000,2/3
nilesat,bbc persian,10721,h,22000,3/4
nilesat,simay-azadi    iran national tv,10721,h,22000,3/4
nilesat,manoto,10721,h,22000,3/4
nilesat,channel one hd,10721,h,22000,3/4
nilesat,iran    international,10721,h,22000,3/4
nilesat,cctv 1,10762 ,h,30000,2/3
nilesat,cctv 2,10762 ,h,30000,2/3
nilesat,cctv 3,10762 ,h,30000,2/3
nilesat,cctv 4 asia,10762 ,h,30000,2/3
nilesat,cctv 5,10762 ,h,30000,2/3
nilesat,chc hd,10762 ,h,30000,2/3
nilesat,cctv 5+,10762 ,h,30000,2/3
nilesat,cctv 8,10762 ,h,30000,2/3
nilesat,cctv 7,10762 ,h,30000,2/3
nilesat,cctv 13,10762 ,h,30000,2/3
nilesat,beijing tv kaku,10762 ,h,30000,2/3
nilesat,beijing tv,10762 ,h,30000,2/3
nilesat,dragon tv    international,10762 ,h,30000,2/3
nilesat,hunan tv    international,10762 ,h,30000,2/3
nilesat,jiangsu    satellite tv,10762 ,h,30000,2/3
nilesat,zhejiang    satellite tv,10762 ,h,30000,2/3
nilesat,anhui satellite    tv,10762 ,h,30000,2/3
nilesat,liaoning tv,10762 ,h,30000,2/3
nilesat,phoenix chinese    channel,10762 ,h,30000,2/3
nilesat,gaskia tv,10762 ,h,30000,2/3
nilesat,gaskia plus tv,10762 ,h,30000,2/3
nilesat,ait tv,10762 ,h,30000,2/3
nilesat,pan african tv,10762 ,h,30000,2/3
nilesat,gh one tv,10762 ,h,30000,2/3
nilesat,season tv,10762 ,h,30000,2/3
nilesat,muslim world tv,10762 ,h,30000,2/3
nilesat,true african,10845,h,30000,2/3
nilesat,afriwood series,10845,h,30000,2/3
nilesat,pulse,10845,h,30000,2/3
nilesat,gospellife tv,10845,h,30000,2/3
nilesat,life tv,10845,h,30000,2/3
nilesat,fresh,10845,h,30000,2/3
nilesat,lol africa,10845,h,30000,2/3
nilesat,kiddiwinks,10845,h,30000,2/3
nilesat,sports connect,10845,h,30000,2/3
nilesat,fight night,10845,h,30000,2/3
nilesat,romanza+ africa,10845,h,30000,2/3
nilesat,limelight,10845,h,30000,2/3
nilesat,afriwood    blockbuster,10845,h,30000,2/3
nilesat,cinema hausa,10845,h,30000,2/3
nilesat,bongo tv (south    africa),10845,h,30000,2/3
nilesat,diva,10845,h,30000,2/3
nilesat,mindset learn,10845,h,30000,2/3
nilesat,rpm,10845,h,30000,2/3
nilesat,eutelsat,10887,h,30000,2/3
nilesat,joy news,10887,h,30000,2/3
nilesat,ntr tv,10887,h,30000,2/3
nilesat,adom tv,10887,h,30000,2/3
nilesat,presence tv    channel,10887,h,30000,2/3
nilesat,winners chapel international,10887,h,30000,2/3
nilesat,aviation tv,10887,h,30000,2/3
nilesat,loveworld xp,10887,h,30000,2/3
nilesat,gbc news,10887,h,30000,2/3
nilesat,ghana tv,10887,h,30000,2/3
nilesat,lifestyle tv (ghana),10887,h,30000,2/3
nilesat,ghana learning    tv,10887,h,30000,2/3
nilesat,nyota tv,10887,h,30000,2/3
nilesat,abood tv,10887,h,30000,2/3
nilesat,hope fm,10887,h,30000,2/3
nilesat,biblia husema broadcasting,10887,h,30000,2/3
nilesat,capital fm (kenya),10887,h,30000,2/3
nilesat,nam lolwe fm,10887,h,30000,2/3
nilesat,njata fm,10887,h,30000,2/3
nilesat,bbc world service somali,10887,h,30000,2/3
nilesat,star fm (kenya),10887,h,30000,2/3
nilesat,kigooco fm,10887,h,30000,2/3
nilesat,iganjo fm,10887,h,30000,2/3
nilesat,muvi tv,10928,h,30000,2/3
nilesat,muvi tv,10928,h,30000,2/3
nilesat,africa unite tv,10928,h,30000,2/3
nilesat,zambian tv,10928,h,30000,2/3
nilesat,muvi bakadoli,10928,h,30000,2/3
nilesat,baby tv europe,10928,h,30000,2/3
nilesat,jimjam europe,10928,h,30000,2/3
nilesat,boing africa,10928,h,30000,2/3
nilesat,discovery    science,10928,h,30000,2/3
nilesat,national geographic    south africa,10928,h,30000,2/3
nilesat,muvi tv 2,10928,h,30000,2/3
nilesat,znbc tv 1,10928,h,30000,2/3
nilesat,diamond tv (zambia),10928,h,30000,2/3
nilesat,knc tv,10928,h,30000,2/3
nilesat,investigation    discovery africa,10928,h,30000,2/3
nilesat,cbs reality    africa,10928,h,30000,2/3
nilesat,pinoy novella,10928,h,30000,2/3
nilesat,emmanuel tv,10928,h,30000,2/3
nilesat,prism africa,10928,h,30000,2/3
nilesat,hope channel    zambia,10928,h,30000,2/3
nilesat,espn africa,10928,h,30000,2/3
nilesat,espn 2 africa,10928,h,30000,2/3
nilesat,mbc 2 (uae),10928,h,30000,2/3
nilesat,mbc max,10928,h,30000,2/3
nilesat,mbc action,10928,h,30000,2/3
nilesat,muvi nyimbo,10928,h,30000,2/3
nilesat,bet africa,10928,h,30000,2/3
nilesat,mbc 4,10928,h,30000,2/3
nilesat,bbc world news    africa,10928,h,30000,2/3
nilesat,aljazeera    english,10928,h,30000,2/3
nilesat,mbc + power,10928,h,30000,2/3
nilesat,joy fm (zambia),10928,h,30000,2/3
nilesat,phoenix fm,10928,h,30000,2/3
nilesat,jive fm,10928,h,30000,2/3
nilesat,libya al-ahrar    tv,11188 ,v,3674,3/4
nilesat,simay-azadi    iran national tv,11192 ,v,3674,3/4
nilesat,eutelsat,11221 ,h,27500,3/4
nilesat,pars tv,11221 ,h,27500,3/4
nilesat,andisheh tv,11221 ,h,27500,3/4
nilesat,channel one hd,11221 ,h,27500,3/4
nilesat,telstra feed,11221 ,h,27500,3/4
nilesat,telstra feed,11221 ,h,27500,3/4
nilesat,iranefarda tv,11221 ,h,27500,3/4
nilesat,erfan halgheh    tv,11262 ,h,27500,2/3
nilesat,kral tv,11262 ,h,27500,2/3
nilesat,t plus,11262 ,h,27500,2/3
nilesat,4u tv,11262 ,h,27500,2/3
nilesat,hadi tv 4,11262 ,h,27500,2/3
nilesat,i toon tv,11262 ,h,27500,2/3
nilesat,didgah tv,11262 ,h,27500,2/3
nilesat,manoto,11304 ,h,29700,2/3
nilesat,cine film,11304 ,h,29700,2/3
nilesat,cine series,11304 ,h,29700,2/3
nilesat,iran    international,11304 ,h,29700,2/3
nilesat,i toon tv,11304 ,h,29700,2/3
nilesat,ifilm persian,11304 ,h,29700,2/3
nilesat,bartar tv,11304 ,h,29700,2/3
nilesat,pmc,11304 ,h,29700,2/3
nilesat,cine film,11304 ,h,29700,2/3
nilesat,cine series,11304 ,h,29700,2/3
nilesat,manoto +2,11304 ,h,29700,2/3
nilesat,avang tv,11304 ,h,29700,2/3
nilesat,album tv,11345,h,27500,5/6
nilesat,manoto,11345,h,27500,5/6
nilesat,mohabat tv,11345,h,27500,5/6
nilesat,channel one hd,11345,h,27500,5/6
nilesat,cine film,11345,h,27500,5/6
nilesat,cine series,11345,h,27500,5/6
nilesat,iran    international,11345,h,27500,5/6
nilesat,zim digital,11356,h,35000,2/3
nilesat,zbc news,11356,h,35000,2/3
nilesat,zbc tv,11356,h,35000,2/3
nilesat,zbc tv,11356,h,35000,2/3
nilesat,zbc news,11356,h,35000,2/3
nilesat,jive tv,11356,h,35000,2/3
nilesat,black bury    zimbabwe,11356,h,35000,2/3
nilesat,zbc tv,11356,h,35000,2/3
nilesat,national fm (zimbabwe),11356,h,35000,2/3
nilesat,classic 263,11356,h,35000,2/3
nilesat,power fm (zimbabwe),11356,h,35000,2/3
nilesat,star fm (zimbabwe),11356,h,35000,2/3
nilesat,zi fm,11356,h,35000,2/3
nilesat,mbc persia,11387,h,27500,5/6
nilesat,esr persia,11387,h,27500,5/6
nilesat,4u tv,11387,h,27500,5/6
nilesat,kanal jadid,11387,h,27500,5/6
nilesat,manoto +1,11387,h,27500,5/6
nilesat,icc,11387,h,27500,5/6
nilesat,now,11387,h,27500,5/6
nilesat,mbc,11444 ,h,3210,3/4
nilesat,mbc 1,11444 ,h,3210,3/4
nilesat,mbc 2 (mauritius),11444 ,h,3210,3/4
nilesat,kool fm,11444 ,h,3210,3/4
nilesat,or hachaim (20-23),12530,h,1480,1/2
nilesat,corallo sat,12549 ,v,2222,5/6
nilesat,azam tv,12604 ,h,29981,2/3
nilesat,peace tv english,12604 ,h,29981,2/3
nilesat,quran tv (saudi    arabia),12604 ,h,29981,2/3
nilesat,sunna tv (saudi    arabia),12604 ,h,29981,2/3
nilesat,emmanuel tv,12604 ,h,29981,2/3
nilesat,ibn tv africa,12604 ,h,29981,2/3
nilesat,amen tv sat,12604 ,h,29981,2/3
nilesat,jw broadcasting,12604 ,h,29981,2/3
nilesat,jw broadcasting    test ,12604 ,h,29981,2/3
nilesat,tv imaan,12604 ,h,29981,2/3
nilesat,revival tv (usa),12604 ,h,29981,2/3
nilesat,ortc tv,12604 ,h,29981,2/3
nilesat,united states    of africa tv,12604 ,h,29981,2/3
nilesat,hi-impact tv,12604 ,h,29981,2/3
nilesat,2m monde,12604 ,h,29981,2/3
nilesat,arise tv promo,12604 ,h,29981,2/3
nilesat,karbala    satellite channel,12604 ,h,29981,2/3
nilesat,raga fm,12604 ,h,29981,2/3
nilesat,top congo fm,12604 ,h,29981,2/3
nilesat,alkafeel tv,12680 ,h,3250,5/6
